﻿{
  "RES": [{
    "RESULTS": {
      "RECORD_METADATA": {
        "ATTR": [
          {
            "id_attr": 2961,
            "name": "Ort",
            "columnsize": 25,
            "type": "string"
          },
          {
            "id_attr": 2962,
            "name": "Stadtbezirk",
            "columnsize": 25,
            "type": "string"
          },
          {
            "id_attr": 2963,
            "name": "Ortsteil",
            "columnsize": 25,
            "type": "string"
          },
          {
            "id_attr": 2964,
            "name": "Hinweise",
            "columnsize": 25,
            "type": "string"
          },
          {
            "EXTERNALAPP": {
              "tooltip": "weitere Informationen",
              "display_mode": -1,
              "popup_options": "resizable,scrollbars",
              "provide_buttons": false,
              "provide_usercontext": false,
              "extapp_icon": "http://stadtplan.leipzig.de/WebOffice/pub/images/extapp_02.gif",
              "do_resolve": false,
              "force_image_resolve": false,
              "placed_next_to_fieldname": false,
              "popupwidth": 1024,
              "popupheight": 600,
              "method": "GET",
              "hyperlinks_fallback": false
            },
            "id_attr": 2965,
            "name": "weitere Informationen",
            "columnsize": 25,
            "use_result_header": true,
            "type": "string"
          }
        ],
        "fieldcount": 1,
        "maptip_showfieldnames": true,
        "sort_column": "c0",
        "is_asc": true
      },
      "data": {
        "anies": [
          {
            "jsxid": "QRY_CRK_2894_CRK_6_CRK_2960_CRK_25",
            "oid": "25",
            "syn_relate": "Abtnaundorfer Park, im nordöstlichen Teil\r\n",
            "c0": "Abtnaundorfer Park, im nordöstlichen Teil\r\n",
            "c1": "Nordost",
            "c2": "Schönefeld-Abtnaundorf",
            "c3": "Auf dem Freilaufstandort ist der Hundekot zu entfernen. \"Gefährliche Hunde\u201c müssen an einer geeigneten Leine geführt werden.",
            "c4_target": "http://www.leipzig.de/buergerservice-und-verwaltung/sicherheit-und-ordnung/hundekontrollen-und-konsequenzen/",
            "c4": "Link",
            "syn_centroid": "320160.5 5694157.7",
            "syn_nodename": "record"
          },
          {
            "jsxid": "QRY_CRK_2894_CRK_6_CRK_2960_CRK_20",
            "oid": "20",
            "syn_relate": "Auensee, nordöstlicher Teil der Grünanlage\r\nAuensee, nordöstlicher Teil der Grünanlage\r\nAuensee, nordöstlicher Teil der Grünanlage\r\n",
            "c0": "Auensee, nordöstlicher Teil der Grünanlage\r\nAuensee, nordöstlicher Teil der Grünanlage\r\nAuensee, nordöstlicher Teil der Grünanlage\r\n",
            "c1": "Nordwest",
            "c2": "Wahren",
            "c3": "Auf dem Freilaufstandort ist der Hundekot zu entfernen. \"Gefährliche Hunde\u201c müssen an einer geeigneten Leine geführt werden.",
            "c4_target": "http://www.leipzig.de/buergerservice-und-verwaltung/sicherheit-und-ordnung/hundekontrollen-und-konsequenzen/",
            "c4": "Link",
            "syn_centroid": "313775.5 5694518.0",
            "syn_nodename": "record"
          },
          {
            "jsxid": "QRY_CRK_2894_CRK_6_CRK_2960_CRK_2",
            "oid": "2",
            "syn_relate": "Auerbachplatz",
            "c0": "Auerbachplatz",
            "c1": "Nord",
            "c2": "Gohlis-Süd",
            "c3": "Auf dem Freilaufstandort ist der Hundekot zu entfernen. \"Gefährliche Hunde\u201c müssen an einer geeigneten Leine geführt werden.",
            "c4_target": "http://www.leipzig.de/buergerservice-und-verwaltung/sicherheit-und-ordnung/hundekontrollen-und-konsequenzen/",
            "c4": "Link",
            "syn_centroid": "317296.5 5693371.6",
            "syn_nodename": "record"
          },
          {
            "jsxid": "QRY_CRK_2894_CRK_6_CRK_2960_CRK_44",
            "oid": "44",
            "syn_relate": "Bautzner Straße, Ecke Löbauer Straße",
            "c0": "Bautzner Straße, Ecke Löbauer Straße",
            "c1": "Nordost",
            "c2": "Schönefeld-Ost",
            "c3": "Auf dem Freilaufstandort ist der Hundekot zu entfernen. \"Gefährliche Hunde\u201c müssen an einer geeigneten Leine geführt werden.",
            "c4_target": "http://www.leipzig.de/buergerservice-und-verwaltung/sicherheit-und-ordnung/hundekontrollen-und-konsequenzen/",
            "c4": "Link",
            "syn_centroid": "320396.7 5692822.4",
            "syn_nodename": "record"
          },
          {
            "jsxid": "QRY_CRK_2894_CRK_6_CRK_2960_CRK_39",
            "oid": "39",
            "syn_relate": "Bayrischer Bahnhof (Kohlenstraße, Ecke Arthur-Hoffmann-Straße)",
            "c0": "Bayrischer Bahnhof (Kohlenstraße, Ecke Arthur-Hoffmann-Straße)",
            "c1": "Mitte",
            "c2": "Zentrum-Süd",
            "c3": "Auf dem Freilaufstandort ist der Hundekot zu entfernen. \"Gefährliche Hunde\u201c müssen an einer geeigneten Leine geführt werden.",
            "c4_target": "http://www.leipzig.de/buergerservice-und-verwaltung/sicherheit-und-ordnung/hundekontrollen-und-konsequenzen/",
            "c4": "Link",
            "syn_centroid": "317502.6 5689681.9",
            "syn_nodename": "record"
          },
          {
            "jsxid": "QRY_CRK_2894_CRK_6_CRK_2960_CRK_26",
            "oid": "26",
            "syn_relate": "Durchgangsweg Schönefeld, am KGV \"Alt-Schönefeld\"",
            "c0": "Durchgangsweg Schönefeld, am KGV \"Alt-Schönefeld\"",
            "c1": "Nordost",
            "c2": "Schönefeld-Abtnaundorf",
            "c3": "Auf dem Freilaufstandort ist der Hundekot zu entfernen. \"Gefährliche Hunde\u201c müssen an einer geeigneten Leine geführt werden.",
            "c4_target": "http://www.leipzig.de/buergerservice-und-verwaltung/sicherheit-und-ordnung/hundekontrollen-und-konsequenzen/",
            "c4": "Link",
            "syn_centroid": "320143.1 5693385.0",
            "syn_nodename": "record"
          },
          {
            "jsxid": "QRY_CRK_2894_CRK_6_CRK_2960_CRK_18",
            "oid": "18",
            "syn_relate": "ehemaliger Debrahof, Max-Liebermann-Straße",
            "c0": "ehemaliger Debrahof, Max-Liebermann-Straße",
            "c1": "Nord",
            "c2": "Eutritzsch",
            "c3": "Auf dem Freilaufstandort ist der Hundekot zu entfernen. \"Gefährliche Hunde\u201c müssen an einer geeigneten Leine geführt werden.",
            "c4_target": "http://www.leipzig.de/buergerservice-und-verwaltung/sicherheit-und-ordnung/hundekontrollen-und-konsequenzen/",
            "c4": "Link",
            "syn_centroid": "317754.4 5694668.2",
            "syn_nodename": "record"
          },
          {
            "jsxid": "QRY_CRK_2894_CRK_6_CRK_2960_CRK_7",
            "oid": "7",
            "syn_relate": "Elsapark, im östlichen Teil\r\nElsapark, im östlichen Teil\r\nElsapark, im östlichen Teil",
            "c0": "Elsapark, im östlichen Teil\r\nElsapark, im östlichen Teil\r\nElsapark, im östlichen Teil",
            "c1": "Ost",
            "c2": "Neustadt-Neuschönefeld",
            "c3": "Auf dem Freilaufstandort ist der Hundekot zu entfernen. \"Gefährliche Hunde\u201c müssen an einer geeigneten Leine geführt werden.",
            "c4_target": "http://www.leipzig.de/buergerservice-und-verwaltung/sicherheit-und-ordnung/hundekontrollen-und-konsequenzen/",
            "c4": "Link",
            "syn_centroid": "318933.1 5691260.3",
            "syn_nodename": "record"
          },
          {
            "jsxid": "QRY_CRK_2894_CRK_6_CRK_2960_CRK_13",
            "oid": "13",
            "syn_relate": "Ferdinand-Lassalle-Brücke (zwischen Nonne und Bebauung Könneritzstraße)",
            "c0": "Ferdinand-Lassalle-Brücke (zwischen Nonne und Bebauung Könneritzstraße)",
            "c1": "Südwest",
            "c2": "Schleußig",
            "c3": "Auf dem Freilaufstandort ist der Hundekot zu entfernen. \"Gefährliche Hunde\u201c müssen an einer geeigneten Leine geführt werden.",
            "c4_target": "http://www.leipzig.de/buergerservice-und-verwaltung/sicherheit-und-ordnung/hundekontrollen-und-konsequenzen/",
            "c4": "Link",
            "syn_centroid": "315172.7 5689694.2",
            "syn_nodename": "record"
          },
          {
            "jsxid": "QRY_CRK_2894_CRK_6_CRK_2960_CRK_3",
            "oid": "3",
            "syn_relate": "Friedenspark, im nördlichen Teil",
            "c0": "Friedenspark, im nördlichen Teil",
            "c1": "Mitte",
            "c2": "Zentrum-Südost",
            "c3": "Auf dem Freilaufstandort ist der Hundekot zu entfernen. \"Gefährliche Hunde\u201c müssen an einer geeigneten Leine geführt werden.",
            "c4_target": "http://www.leipzig.de/buergerservice-und-verwaltung/sicherheit-und-ordnung/hundekontrollen-und-konsequenzen/",
            "c4": "Link",
            "syn_centroid": "318510.7 5689600.6",
            "syn_nodename": "record"
          },
          {
            "jsxid": "QRY_CRK_2894_CRK_6_CRK_2960_CRK_8",
            "oid": "8",
            "syn_relate": "Henriettenpark, zwischen Enders- u. Henriettenstraße",
            "c0": "Henriettenpark, zwischen Enders- u. Henriettenstraße",
            "c1": "Alt-West",
            "c2": "Lindenau",
            "c3": "Auf dem Freilaufstandort ist der Hundekot zu entfernen. \"Gefährliche Hunde\u201c müssen an einer geeigneten Leine geführt werden.",
            "c4_target": "http://www.leipzig.de/buergerservice-und-verwaltung/sicherheit-und-ordnung/hundekontrollen-und-konsequenzen/",
            "c4": "Link",
            "syn_centroid": "313666.2 5690174.6",
            "syn_nodename": "record"
          },
          {
            "jsxid": "QRY_CRK_2894_CRK_6_CRK_2960_CRK_46",
            "oid": "46",
            "syn_relate": "Hundestrand am Westufer des Cospudener See\r\n",
            "c0": "Hundestrand am Westufer des Cospudener See\r\n",
            "c1": "Südwest",
            "c2": "Großzschocher",
            "c3": "Auf dem Freilaufstandort ist der Hundekot zu entfernen. \"Gefährliche Hunde\u201c müssen an einer geeigneten Leine geführt werden.",
            "c4_target": "http://www.leipzig.de/buergerservice-und-verwaltung/sicherheit-und-ordnung/hundekontrollen-und-konsequenzen/",
            "c4": "Link",
            "syn_centroid": "314265.9 5684827.5",
            "syn_nodename": "record"
          },
          {
            "jsxid": "QRY_CRK_2894_CRK_6_CRK_2960_CRK_14",
            "oid": "14",
            "syn_relate": "Industriestraße, an der Nonne",
            "c0": "Industriestraße, an der Nonne",
            "c1": "Südwest",
            "c2": "Schleußig",
            "c3": "Auf dem Freilaufstandort ist der Hundekot zu entfernen. \"Gefährliche Hunde\u201c müssen an einer geeigneten Leine geführt werden.",
            "c4_target": "http://www.leipzig.de/buergerservice-und-verwaltung/sicherheit-und-ordnung/hundekontrollen-und-konsequenzen/",
            "c4": "Link",
            "syn_centroid": "315071.9 5689092.5",
            "syn_nodename": "record"
          },
          {
            "jsxid": "QRY_CRK_2894_CRK_6_CRK_2960_CRK_43",
            "oid": "43",
            "syn_relate": "Komarowstraße, Ecke Otto-Heinze-Straße",
            "c0": "Komarowstraße, Ecke Otto-Heinze-Straße",
            "c1": "Nordost",
            "c2": "Mockau-Nord",
            "c3": "Auf dem Freilaufstandort ist der Hundekot zu entfernen. \"Gefährliche Hunde\u201c müssen an einer geeigneten Leine geführt werden.",
            "c4_target": "http://www.leipzig.de/buergerservice-und-verwaltung/sicherheit-und-ordnung/hundekontrollen-und-konsequenzen/",
            "c4": "Link",
            "syn_centroid": "320189.1 5695258.9",
            "syn_nodename": "record"
          },
          {
            "jsxid": "QRY_CRK_2894_CRK_6_CRK_2960_CRK_35",
            "oid": "35",
            "syn_relate": "Lichtenfelser Straße, im nordöstlichen Abschnitt",
            "c0": "Lichtenfelser Straße, im nordöstlichen Abschnitt",
            "c1": "West",
            "c2": "Grünau-Siedlung",
            "c3": "Auf dem Freilaufstandort ist der Hundekot zu entfernen. \"Gefährliche Hunde\u201c müssen an einer geeigneten Leine geführt werden.",
            "c4_target": "http://www.leipzig.de/buergerservice-und-verwaltung/sicherheit-und-ordnung/hundekontrollen-und-konsequenzen/",
            "c4": "Link",
            "syn_centroid": "311377.0 5688109.8",
            "syn_nodename": "record"
          },
          {
            "jsxid": "QRY_CRK_2894_CRK_6_CRK_2960_CRK_12",
            "oid": "12",
            "syn_relate": "Ludolf-Colditz-Straße, Ecke Václav-Neumann-Straße",
            "c0": "Ludolf-Colditz-Straße, Ecke Václav-Neumann-Straße",
            "c1": "Südost",
            "c2": "Stötteritz",
            "c3": "Auf dem Freilaufstandort ist der Hundekot zu entfernen. \"Gefährliche Hunde\u201c müssen an einer geeigneten Leine geführt werden.",
            "c4_target": "http://www.leipzig.de/buergerservice-und-verwaltung/sicherheit-und-ordnung/hundekontrollen-und-konsequenzen/",
            "c4": "Link",
            "syn_centroid": "320231.4 5688394.7",
            "syn_nodename": "record"
          },
          {
            "jsxid": "QRY_CRK_2894_CRK_6_CRK_2960_CRK_23",
            "oid": "23",
            "syn_relate": "Ludwig-Beck-Straße, im westlichen Abschnitt",
            "c0": "Ludwig-Beck-Straße, im westlichen Abschnitt",
            "c1": "Nord",
            "c2": "Gohlis-Mitte",
            "c3": "Auf dem Freilaufstandort ist der Hundekot zu entfernen. \"Gefährliche Hunde\u201c müssen an einer geeigneten Leine geführt werden.",
            "c4_target": "http://www.leipzig.de/buergerservice-und-verwaltung/sicherheit-und-ordnung/hundekontrollen-und-konsequenzen/",
            "c4": "Link",
            "syn_centroid": "316262.6 5694039.4",
            "syn_nodename": "record"
          },
          {
            "jsxid": "QRY_CRK_2894_CRK_6_CRK_2960_CRK_45",
            "oid": "45",
            "syn_relate": "Lützner Straße, Ecke Stuttgarter Allee\r\n",
            "c0": "Lützner Straße, Ecke Stuttgarter Allee\r\n",
            "c1": "West",
            "c2": "Grünau-Mitte",
            "c3": "Auf dem Freilaufstandort ist der Hundekot zu entfernen. \"Gefährliche Hunde\u201c müssen an einer geeigneten Leine geführt werden.",
            "c4_target": "http://www.leipzig.de/buergerservice-und-verwaltung/sicherheit-und-ordnung/hundekontrollen-und-konsequenzen/",
            "c4": "Link",
            "syn_centroid": "311152.3 5689252.5",
            "syn_nodename": "record"
          },
          {
            "jsxid": "QRY_CRK_2894_CRK_6_CRK_2960_CRK_28",
            "oid": "28",
            "syn_relate": "Mariannenpark, im nördlichen Teil",
            "c0": "Mariannenpark, im nördlichen Teil",
            "c1": "Nordost",
            "c2": "Schönefeld-Abtnaundorf",
            "c3": "Auf dem Freilaufstandort ist der Hundekot zu entfernen. \"Gefährliche Hunde\u201c müssen an einer geeigneten Leine geführt werden.",
            "c4_target": "http://www.leipzig.de/buergerservice-und-verwaltung/sicherheit-und-ordnung/hundekontrollen-und-konsequenzen/",
            "c4": "Link",
            "syn_centroid": "319307.7 5692706.8",
            "syn_nodename": "record"
          },
          {
            "jsxid": "QRY_CRK_2894_CRK_6_CRK_2960_CRK_41",
            "oid": "41",
            "syn_relate": "Möbiusplatz, an der Oststraße, Ecke Möbiusstraße",
            "c0": "Möbiusplatz, an der Oststraße, Ecke Möbiusstraße",
            "c1": "Südost",
            "c2": "Reudnitz-Thonberg",
            "c3": "Auf dem Freilaufstandort ist der Hundekot zu entfernen. \"Gefährliche Hunde\u201c müssen an einer geeigneten Leine geführt werden.",
            "c4_target": "http://www.leipzig.de/buergerservice-und-verwaltung/sicherheit-und-ordnung/hundekontrollen-und-konsequenzen/",
            "c4": "Link",
            "syn_centroid": "319542.6 5689863.5",
            "syn_nodename": "record"
          },
          {
            "jsxid": "QRY_CRK_2894_CRK_6_CRK_2960_CRK_36",
            "oid": "36",
            "syn_relate": "Neue Leipziger Straße, am Jugendklub ",
            "c0": "Neue Leipziger Straße, am Jugendklub ",
            "c1": "West",
            "c2": "Grünau-Nord",
            "c3": "Auf dem Freilaufstandort ist der Hundekot zu entfernen. \"Gefährliche Hunde\u201c müssen an einer geeigneten Leine geführt werden.",
            "c4_target": "http://www.leipzig.de/buergerservice-und-verwaltung/sicherheit-und-ordnung/hundekontrollen-und-konsequenzen/",
            "c4": "Link",
            "syn_centroid": "309291.2 5689173.3",
            "syn_nodename": "record"
          },
          {
            "jsxid": "QRY_CRK_2894_CRK_6_CRK_2960_CRK_17",
            "oid": "17",
            "syn_relate": "Palmengarten, im westlichen Teil",
            "c0": "Palmengarten, im westlichen Teil",
            "c1": "Alt-West",
            "c2": "Lindenau",
            "c3": "Auf dem Freilaufstandort ist der Hundekot zu entfernen. \"Gefährliche Hunde\u201c müssen an einer geeigneten Leine geführt werden.",
            "c4_target": "http://www.leipzig.de/buergerservice-und-verwaltung/sicherheit-und-ordnung/hundekontrollen-und-konsequenzen/",
            "c4": "Link",
            "syn_centroid": "314926.2 5690504.0",
            "syn_nodename": "record"
          },
          {
            "jsxid": "QRY_CRK_2894_CRK_6_CRK_2960_CRK_11",
            "oid": "11",
            "syn_relate": "Park der Freundschaft neben Johann-Jakob-Weber-Platz (Prager Straße, am Sportplatz gegenüber Südfriedhof)",
            "c0": "Park der Freundschaft neben Johann-Jakob-Weber-Platz (Prager Straße, am Sportplatz gegenüber Südfriedhof)",
            "c1": "Südost",
            "c2": "Stötteritz",
            "c3": "Auf dem Freilaufstandort ist der Hundekot zu entfernen. \"Gefährliche Hunde\u201c müssen an einer geeigneten Leine geführt werden.",
            "c4_target": "http://www.leipzig.de/buergerservice-und-verwaltung/sicherheit-und-ordnung/hundekontrollen-und-konsequenzen/",
            "c4": "Link",
            "syn_centroid": "320162.3 5687500.6",
            "syn_nodename": "record"
          },
          {
            "jsxid": "QRY_CRK_2894_CRK_6_CRK_2960_CRK_37",
            "oid": "37",
            "syn_relate": "Park Lößnig/Dölitz, im mittleren Teil ",
            "c0": "Park Lößnig/Dölitz, im mittleren Teil ",
            "c1": "Süd",
            "c2": "Lößnig",
            "c3": "Auf dem Freilaufstandort ist der Hundekot zu entfernen. \"Gefährliche Hunde\u201c müssen an einer geeigneten Leine geführt werden.",
            "c4_target": "http://www.leipzig.de/buergerservice-und-verwaltung/sicherheit-und-ordnung/hundekontrollen-und-konsequenzen/",
            "c4": "Link",
            "syn_centroid": "319450.3 5686123.6",
            "syn_nodename": "record"
          },
          {
            "jsxid": "QRY_CRK_2894_CRK_6_CRK_2960_CRK_38",
            "oid": "38",
            "syn_relate": "Park Lößnig/Dölitz, westlich vom Schäfereiteich, am Hauptweg",
            "c0": "Park Lößnig/Dölitz, westlich vom Schäfereiteich, am Hauptweg",
            "c1": "Süd",
            "c2": "Lößnig",
            "c3": "Auf dem Freilaufstandort ist der Hundekot zu entfernen. \"Gefährliche Hunde\u201c müssen an einer geeigneten Leine geführt werden.",
            "c4_target": "http://www.leipzig.de/buergerservice-und-verwaltung/sicherheit-und-ordnung/hundekontrollen-und-konsequenzen/",
            "c4": "Link",
            "syn_centroid": "318633.6 5685984.7",
            "syn_nodename": "record"
          },
          {
            "jsxid": "QRY_CRK_2894_CRK_6_CRK_2960_CRK_33",
            "oid": "33",
            "syn_relate": "Parkallee / Lützner Straße\r\nSchönauer Lachen, nördlich vom Schönauer Park\r\n",
            "c0": "Parkallee / Lützner Straße\r\nSchönauer Lachen, nördlich vom Schönauer Park\r\n",
            "c1": "West",
            "c2": "Grünau-Ost",
            "c3": "Auf dem Freilaufstandort ist der Hundekot zu entfernen. \"Gefährliche Hunde\u201c müssen an einer geeigneten Leine geführt werden.",
            "c4_target": "http://www.leipzig.de/buergerservice-und-verwaltung/sicherheit-und-ordnung/hundekontrollen-und-konsequenzen/",
            "c4": "Link",
            "syn_centroid": "311535.0 5689356.8",
            "syn_nodename": "record"
          },
          {
            "jsxid": "QRY_CRK_2894_CRK_6_CRK_2960_CRK_27",
            "oid": "27",
            "syn_relate": "Permoserstraße, Ecke Gundermannstraße",
            "c0": "Permoserstraße, Ecke Gundermannstraße",
            "c1": "Ost",
            "c2": "Paunsdorf",
            "c3": "Auf dem Freilaufstandort ist der Hundekot zu entfernen. \"Gefährliche Hunde\u201c müssen an einer geeigneten Leine geführt werden.",
            "c4_target": "http://www.leipzig.de/buergerservice-und-verwaltung/sicherheit-und-ordnung/hundekontrollen-und-konsequenzen/",
            "c4": "Link",
            "syn_centroid": "323136.4 5691884.7",
            "syn_nodename": "record"
          },
          {
            "jsxid": "QRY_CRK_2894_CRK_6_CRK_2960_CRK_22",
            "oid": "22",
            "syn_relate": "Permoserstraße, Ecke Klettenstraße \r\n",
            "c0": "Permoserstraße, Ecke Klettenstraße \r\n",
            "c1": "Ost",
            "c2": "Paunsdorf",
            "c3": "Auf dem Freilaufstandort ist der Hundekot zu entfernen. \"Gefährliche Hunde\u201c müssen an einer geeigneten Leine geführt werden.",
            "c4_target": "http://www.leipzig.de/buergerservice-und-verwaltung/sicherheit-und-ordnung/hundekontrollen-und-konsequenzen/",
            "c4": "Link",
            "syn_centroid": "322631.3 5691904.3",
            "syn_nodename": "record"
          },
          {
            "jsxid": "QRY_CRK_2894_CRK_6_CRK_2960_CRK_15",
            "oid": "15",
            "syn_relate": "Probstheidaer Straße, Ecke Bernhard-Kellermann-Straße",
            "c0": "Probstheidaer Straße, Ecke Bernhard-Kellermann-Straße",
            "c1": "Süd",
            "c2": "Lößnig",
            "c3": "Auf dem Freilaufstandort ist der Hundekot zu entfernen. \"Gefährliche Hunde\u201c müssen an einer geeigneten Leine geführt werden.",
            "c4_target": "http://www.leipzig.de/buergerservice-und-verwaltung/sicherheit-und-ordnung/hundekontrollen-und-konsequenzen/",
            "c4": "Link",
            "syn_centroid": "318996.0 5686744.5",
            "syn_nodename": "record"
          },
          {
            "jsxid": "QRY_CRK_2894_CRK_6_CRK_2960_CRK_9",
            "oid": "9",
            "syn_relate": "Reudnitzer Park, im mittleren Teil",
            "c0": "Reudnitzer Park, im mittleren Teil",
            "c1": "Südost",
            "c2": "Reudnitz-Thonberg",
            "c3": "Auf dem Freilaufstandort ist der Hundekot zu entfernen. \"Gefährliche Hunde\u201c müssen an einer geeigneten Leine geführt werden.",
            "c4_target": "http://www.leipzig.de/buergerservice-und-verwaltung/sicherheit-und-ordnung/hundekontrollen-und-konsequenzen/",
            "c4": "Link",
            "syn_centroid": "319097.0 5690295.5",
            "syn_nodename": "record"
          },
          {
            "jsxid": "QRY_CRK_2894_CRK_6_CRK_2960_CRK_21",
            "oid": "21",
            "syn_relate": "Schiebestraße / Bernburger Straße",
            "c0": "Schiebestraße / Bernburger Straße",
            "c1": "Nord",
            "c2": "Eutritzsch",
            "c3": "Auf dem Freilaufstandort ist der Hundekot zu entfernen. \"Gefährliche Hunde\u201c müssen an einer geeigneten Leine geführt werden.",
            "c4_target": "http://www.leipzig.de/buergerservice-und-verwaltung/sicherheit-und-ordnung/hundekontrollen-und-konsequenzen/",
            "c4": "Link",
            "syn_centroid": "318284.3 5693446.2",
            "syn_nodename": "record"
          },
          {
            "jsxid": "QRY_CRK_2894_CRK_6_CRK_2960_CRK_19",
            "oid": "19",
            "syn_relate": "Schillerplatz (Auenseestraße, Gregoriusstraße)",
            "c0": "Schillerplatz (Auenseestraße, Gregoriusstraße)",
            "c1": "Nordwest",
            "c2": "Wahren",
            "c3": "Auf dem Freilaufstandort ist der Hundekot zu entfernen. \"Gefährliche Hunde\u201c müssen an einer geeigneten Leine geführt werden.",
            "c4_target": "http://www.leipzig.de/buergerservice-und-verwaltung/sicherheit-und-ordnung/hundekontrollen-und-konsequenzen/",
            "c4": "Link",
            "syn_centroid": "313222.1 5694956.4",
            "syn_nodename": "record"
          },
          {
            "jsxid": "QRY_CRK_2894_CRK_6_CRK_2960_CRK_34",
            "oid": "34",
            "syn_relate": "Schönauer Lachen, nördlich vom Schönauer Park\r\n",
            "c0": "Schönauer Lachen, nördlich vom Schönauer Park\r\n",
            "c1": "West",
            "c2": "Schönau",
            "c3": "Auf dem Freilaufstandort ist der Hundekot zu entfernen. \"Gefährliche Hunde\u201c müssen an einer geeigneten Leine geführt werden.",
            "c4_target": "http://www.leipzig.de/buergerservice-und-verwaltung/sicherheit-und-ordnung/hundekontrollen-und-konsequenzen/",
            "c4": "Link",
            "syn_centroid": "311353.2 5689969.2",
            "syn_nodename": "record"
          },
          {
            "jsxid": "QRY_CRK_2894_CRK_6_CRK_2960_CRK_24",
            "oid": "24",
            "syn_relate": "Slevogtstraße zwischen Hans-Beimler-Straße und Blücherstraße",
            "c0": "Slevogtstraße zwischen Hans-Beimler-Straße und Blücherstraße",
            "c1": "Nordwest",
            "c2": "Möckern",
            "c3": "Auf dem Freilaufstandort ist der Hundekot zu entfernen. \"Gefährliche Hunde\u201c müssen an einer geeigneten Leine geführt werden.",
            "c4_target": "http://www.leipzig.de/buergerservice-und-verwaltung/sicherheit-und-ordnung/hundekontrollen-und-konsequenzen/",
            "c4": "Link",
            "syn_centroid": "314823.9 5694431.6",
            "syn_nodename": "record"
          },
          {
            "jsxid": "QRY_CRK_2894_CRK_6_CRK_2960_CRK_32",
            "oid": "32",
            "syn_relate": "Straße am Park am S-Bahn Haltepunkt Grünauer Allee",
            "c0": "Straße am Park am S-Bahn Haltepunkt Grünauer Allee",
            "c1": "West",
            "c2": "Grünau-Ost",
            "c3": "Auf dem Freilaufstandort ist der Hundekot zu entfernen. \"Gefährliche Hunde\u201c müssen an einer geeigneten Leine geführt werden.",
            "c4_target": "http://www.leipzig.de/buergerservice-und-verwaltung/sicherheit-und-ordnung/hundekontrollen-und-konsequenzen/",
            "c4": "Link",
            "syn_centroid": "312099.6 5688921.1",
            "syn_nodename": "record"
          },
          {
            "jsxid": "QRY_CRK_2894_CRK_6_CRK_2960_CRK_40",
            "oid": "40",
            "syn_relate": "südliche Ratzelstraße, von Berkaer Weg bis Brambacher Straße",
            "c0": "südliche Ratzelstraße, von Berkaer Weg bis Brambacher Straße",
            "c1": "West",
            "c2": "Grünau-Siedlung",
            "c3": "Auf dem Freilaufstandort ist der Hundekot zu entfernen. \"Gefährliche Hunde\u201c müssen an einer geeigneten Leine geführt werden.",
            "c4_target": "http://www.leipzig.de/buergerservice-und-verwaltung/sicherheit-und-ordnung/hundekontrollen-und-konsequenzen/",
            "c4": "Link",
            "syn_centroid": "311808.9 5688153.7",
            "syn_nodename": "record"
          },
          {
            "jsxid": "QRY_CRK_2894_CRK_6_CRK_2960_CRK_30",
            "oid": "30",
            "syn_relate": "Tauchaer Straße, Ecke Samuel-Lampel-Straße",
            "c0": "Tauchaer Straße, Ecke Samuel-Lampel-Straße",
            "c1": "Nordost",
            "c2": "Mockau-Nord",
            "c3": "Auf dem Freilaufstandort ist der Hundekot zu entfernen. \"Gefährliche Hunde\u201c müssen an einer geeigneten Leine geführt werden.",
            "c4_target": "http://www.leipzig.de/buergerservice-und-verwaltung/sicherheit-und-ordnung/hundekontrollen-und-konsequenzen/",
            "c4": "Link",
            "syn_centroid": "320444.0 5695119.9",
            "syn_nodename": "record"
          },
          {
            "jsxid": "QRY_CRK_2894_CRK_6_CRK_2960_CRK_31",
            "oid": "31",
            "syn_relate": "Theklaer Straße, an den Garagen",
            "c0": "Theklaer Straße, an den Garagen",
            "c1": "Nordost",
            "c2": "Schönefeld-Ost",
            "c3": "Auf dem Freilaufstandort ist der Hundekot zu entfernen. \"Gefährliche Hunde\u201c müssen an einer geeigneten Leine geführt werden.",
            "c4_target": "http://www.leipzig.de/buergerservice-und-verwaltung/sicherheit-und-ordnung/hundekontrollen-und-konsequenzen/",
            "c4": "Link",
            "syn_centroid": "320710.7 5693247.9",
            "syn_nodename": "record"
          },
          {
            "jsxid": "QRY_CRK_2894_CRK_6_CRK_2960_CRK_6",
            "oid": "6",
            "syn_relate": "Volksgarten Sellerhausen, im südlichen Teil",
            "c0": "Volksgarten Sellerhausen, im südlichen Teil",
            "c1": "Nordost",
            "c2": "Schönefeld-Ost",
            "c3": "Auf dem Freilaufstandort ist der Hundekot zu entfernen. \"Gefährliche Hunde\u201c müssen an einer geeigneten Leine geführt werden.",
            "c4_target": "http://www.leipzig.de/buergerservice-und-verwaltung/sicherheit-und-ordnung/hundekontrollen-und-konsequenzen/",
            "c4": "Link",
            "syn_centroid": "320392.5 5691859.2",
            "syn_nodename": "record"
          },
          {
            "jsxid": "QRY_CRK_2894_CRK_6_CRK_2960_CRK_5",
            "oid": "5",
            "syn_relate": "Volkshain Stünz, im nordöstlichen Teil",
            "c0": "Volkshain Stünz, im nordöstlichen Teil",
            "c1": "Ost",
            "c2": "Anger-Crottendorf",
            "c3": "Auf dem Freilaufstandort ist der Hundekot zu entfernen. \"Gefährliche Hunde\u201c müssen an einer geeigneten Leine geführt werden.",
            "c4_target": "http://www.leipzig.de/buergerservice-und-verwaltung/sicherheit-und-ordnung/hundekontrollen-und-konsequenzen/",
            "c4": "Link",
            "syn_centroid": "321206.6 5690395.6",
            "syn_nodename": "record"
          },
          {
            "jsxid": "QRY_CRK_2894_CRK_6_CRK_2960_CRK_16",
            "oid": "16",
            "syn_relate": "Volkspark Kleinzschocher, im nördlichen Teil, nahe der Antonienstraße",
            "c0": "Volkspark Kleinzschocher, im nördlichen Teil, nahe der Antonienstraße",
            "c1": "Südwest",
            "c2": "Kleinzschocher",
            "c3": "Auf dem Freilaufstandort ist der Hundekot zu entfernen. \"Gefährliche Hunde\u201c müssen an einer geeigneten Leine geführt werden.",
            "c4_target": "http://www.leipzig.de/buergerservice-und-verwaltung/sicherheit-und-ordnung/hundekontrollen-und-konsequenzen/",
            "c4": "Link",
            "syn_centroid": "314412.0 5688520.0",
            "syn_nodename": "record"
          },
          {
            "jsxid": "QRY_CRK_2894_CRK_6_CRK_2960_CRK_1",
            "oid": "1",
            "syn_relate": "Vorderes Rosental, an der \"Friedenseiche\", neben dem ehemaligen Blindenpark",
            "c0": "Vorderes Rosental, an der \"Friedenseiche\", neben dem ehemaligen Blindenpark",
            "c1": "Mitte",
            "c2": "Zentrum-Nordwest",
            "c3": "Auf dem Freilaufstandort ist der Hundekot zu entfernen. \"Gefährliche Hunde\u201c müssen an einer geeigneten Leine geführt werden.",
            "c4_target": "http://www.leipzig.de/buergerservice-und-verwaltung/sicherheit-und-ordnung/hundekontrollen-und-konsequenzen/",
            "c4": "Link",
            "syn_centroid": "316175.4 5692281.8",
            "syn_nodename": "record"
          },
          {
            "jsxid": "QRY_CRK_2894_CRK_6_CRK_2960_CRK_42",
            "oid": "42",
            "syn_relate": "Weinligstraße, Ecke Marbachstraße",
            "c0": "Weinligstraße, Ecke Marbachstraße",
            "c1": "Nord",
            "c2": "Gohlis-Süd",
            "c3": "Auf dem Freilaufstandort ist der Hundekot zu entfernen. \"Gefährliche Hunde\u201c müssen an einer geeigneten Leine geführt werden.",
            "c4_target": "http://www.leipzig.de/buergerservice-und-verwaltung/sicherheit-und-ordnung/hundekontrollen-und-konsequenzen/",
            "c4": "Link",
            "syn_centroid": "316220.2 5693057.9",
            "syn_nodename": "record"
          },
          {
            "jsxid": "QRY_CRK_2894_CRK_6_CRK_2960_CRK_10",
            "oid": "10",
            "syn_relate": "Wilhelm-Külz-Park, im westlichen Teil",
            "c0": "Wilhelm-Külz-Park, im westlichen Teil",
            "c1": "Südost",
            "c2": "Probstheida",
            "c3": "Auf dem Freilaufstandort ist der Hundekot zu entfernen. \"Gefährliche Hunde\u201c müssen an einer geeigneten Leine geführt werden.",
            "c4_target": "http://www.leipzig.de/buergerservice-und-verwaltung/sicherheit-und-ordnung/hundekontrollen-und-konsequenzen/",
            "c4": "Link",
            "syn_centroid": "319250.3 5688277.5",
            "syn_nodename": "record"
          },
          {
            "jsxid": "QRY_CRK_2894_CRK_6_CRK_2960_CRK_29",
            "oid": "29",
            "syn_relate": "Zschopauer Straße, Ecke Oelsnitzer Straße ",
            "c0": "Zschopauer Straße, Ecke Oelsnitzer Straße ",
            "c1": "Nordost",
            "c2": "Thekla",
            "c3": "Auf dem Freilaufstandort ist der Hundekot zu entfernen. \"Gefährliche Hunde\u201c müssen an einer geeigneten Leine geführt werden.",
            "c4_target": "http://www.leipzig.de/buergerservice-und-verwaltung/sicherheit-und-ordnung/hundekontrollen-und-konsequenzen/",
            "c4": "Link",
            "syn_centroid": "321439.0 5694453.2",
            "syn_nodename": "record"
          }
        ],
        "jsxid": "jsxroot"
      },
      "service_id": "2894",
      "recordset_id": "QRY_CRK_2894_CRK_6_CRK_2960",
      "is_layer": true,
      "scale": 2500.0,
      "can_visualize": true,
      "is_raster_catalog": false,
      "has_relate": false,
      "has_dynamic_selection": true,
      "show_relatebrowser": false,
      "show_relates_as_columns": true,
      "is_base": true,
      "recordset_name": "Hundefreilauffläche",
      "is_persistable": true,
      "show_filter_control": false,
      "disp_multi_ly_sel": false,
      "provide_csv_export": false,
      "provide_xlsx_export": false,
      "provide_stat_func": false,
      "minimize_result": false,
      "oids_added": "",
      "oids_removed": "",
      "show_null_values": false,
      "use_for_routing": false,
      "hasAttachments": false
    },
    "id_res": "1495840328049"
  }],
  "session_id": "44a20ff3-fa0b-4af6-b036-791bcd991545"
}